Continente;Pais
Africa;Algeria
Africa;Angola
Africa;Antigua and Barbuda
Africa;Benin
Africa;Botswana
Africa;Burkina Faso
Africa;Burundi
Africa;Cabo Verde
Africa;Cameroon
Africa;Central African Republic
Africa;Chad
Africa;Comoros
Africa;Congo (Brazzaville)
Africa;Congo (Kinshasa)
Africa;Côte d'Ivoire
Africa;Djibouti
Africa;Equatorial Guinea
Africa;Eritrea
Africa;Eswatini
Africa;Ethiopia
Africa;Gabon
Africa;Gambia
Africa;Ghana
Africa;Guinea
Africa;Guinea-Bissau
Africa;Kenya
Africa;Lesotho
Africa;Liberia
Africa;Libya
Africa;Madagascar
Africa;Malawi
Africa;Mali
Africa;Mauritania
Africa;Mauritius
Africa;Morocco
Africa;Mozambique
Africa;Namibia
Africa;Niger
Africa;Nigeria
Africa;Rwanda
Africa;Sao Tome and Principe
Africa;Senegal
Africa;Seychelles
Africa;Sierra Leone
Africa;Somalia
Africa;South Africa
Africa;South Sudan
Africa;Sudan
Africa;Tunisia
Africa;Uganda
Africa;Zambia
Africa;Zimbabwe
Americas;Argentina
Americas;Bahamas
Americas;Bahrain
Americas;Barbados
Americas;Belize
Americas;Bolivia
Americas;Brazil
Americas;Canada
Americas;Chile
Americas;Colombia
Americas;Costa Rica
Americas;Cuba
Americas;Dominica
Americas;Dominican Republic
Americas;Ecuador
Americas;El Salvador
Americas;Grenada
Americas;Guatemala
Americas;Guyana
Americas;Haiti
Americas;Honduras
Americas;Jamaica
Americas;Mexico
Americas;Panama
Americas;Paraguay
Americas;Peru
Americas;Suriname
Americas;Trinidad and Tobago
Americas;United States
Americas;Uruguay
Americas;Venezuela
Asia;Afghanistan
Asia;Armenia
Asia;Azerbaijan
Asia;Bangladesh
Asia;Bhutan
Asia;Brunei
Asia;Cambodia
Asia;China
Asia;Cyprus
Asia;Georgia
Asia;India
Asia;Indonesia
Asia;Iran
Asia;Iraq
Asia;Israel
Asia;Japan
Asia;Jordan
Asia;Kazakhstan
Asia;Korea, North
Asia;Korea, South
Asia;Kuwait
Asia;Kyrgyzstan
Asia;Laos
Asia;Lebanon
Asia;Malaysia
Asia;Maldives
Asia;Mongolia
Asia;Myanmar (Burma)
Asia;Nepal
Asia;Oman
Asia;Pakistan
Asia;Philippines
Asia;Qatar
Asia;Russia
Asia;Saudi Arabia
Asia;Singapore
Asia;Sri Lanka
Asia;Syria
Asia;Taiwan
Asia;Thailand
Asia;Timor-Leste
Asia;Turkey
Asia;Turkmenistan
Asia;UAE (United Arab Emirates)
Asia;Yemen
Europe;Albania
Europe;Austria
Europe;Belgium
Europe;Bulgaria
Europe;Croatia
Europe;Czechia
Europe;Denmark
Europe;Estonia
Europe;Finland
Europe;France
Europe;Germany
Europe;Greece
Europe;Holy See (Vatican City)
Europe;Hungary
Europe;Iceland
Europe;Ireland
Europe;Italy
Europe;Kosovo
Europe;Latvia
Europe;Liechtenstein
Europe;Lithuania
Europe;Luxembourg
Europe;Malta
Europe;Netherlands
Europe;North Macedonia
Europe;Norway
Europe;Poland
Europe;Portugal
Europe;Romania
Europe;San Marino
Europe;Serbia
Europe;Slovakia
Europe;Slovenia
Europe;Spain
Europe;Sweden
Europe;Switzerland
Europe;Ukraine
Europe;United Kingdom
Oceania;Australia
Oceania;Fiji
Oceania;Kiribati
Oceania;Marshall Islands
Oceania;Micronesia
Oceania;Nauru
Oceania;New Zealand
Oceania;Papua New Guinea
Oceania;Solomon Islands
Oceania;Tuvalu
Oceania;Vanuatu
